{"cameraMode":{"drawMode":0,"name":"Shaded","section":"Shading Mode"},"sceneLighting":true,"audioPlay":false,"sceneViewState":{"showFog":true,"showMaterialUpdate":false,"showSkybox":true,"showFlares":true,"showImageEffects":true,"showParticleSystems":true},"in2DMode":false,"pivot":{"x":-24.750946044921876,"y":1.792452096939087,"z":-5.467874526977539},"rotation":{"x":0.4138164222240448,"y":-0.3362347185611725,"z":0.16779792308807374,"w":0.8291839957237244},"size":13.25114631652832,"orthographic":false}