{"cameraMode":{"drawMode":0,"name":"Shaded","section":"Shading Mode"},"sceneLighting":false,"audioPlay":false,"sceneViewState":{"showFog":true,"showMaterialUpdate":false,"showSkybox":false,"showFlares":true,"showImageEffects":true,"showParticleSystems":true},"in2DMode":false,"pivot":{"x":17.708742141723634,"y":3.159581184387207,"z":-24.41829490661621},"rotation":{"x":0.4893820285797119,"y":0.3821897506713867,"z":-0.2519851326942444,"w":0.7422531843185425},"size":4.666904449462891,"orthographic":false}