{"cameraMode":{"drawMode":0,"name":"Shaded","section":"Shading Mode"},"sceneLighting":false,"audioPlay":false,"sceneViewState":{"showFog":true,"showMaterialUpdate":false,"showSkybox":false,"showFlares":true,"showImageEffects":true,"showParticleSystems":true},"in2DMode":false,"pivot":{"x":-7.173498153686523,"y":7.174180030822754,"z":-11.949349403381348},"rotation":{"x":0.14120616018772126,"y":0.7296257615089417,"z":-0.15849263966083527,"w":0.6500670313835144},"size":5.949286460876465,"orthographic":false}