{"cameraMode":{"drawMode":0,"name":"Shaded","section":"Shading Mode"},"sceneLighting":true,"audioPlay":false,"sceneViewState":{"showFog":true,"showMaterialUpdate":false,"showSkybox":true,"showFlares":true,"showImageEffects":true,"showParticleSystems":true},"in2DMode":false,"pivot":{"x":-25.09194564819336,"y":0.848452091217041,"z":2.782125473022461},"rotation":{"x":-0.5437300205230713,"y":-0.06606677919626236,"z":0.04299544543027878,"w":-0.8355503082275391},"size":2.44207763671875,"orthographic":false}