{"cameraMode":{"drawMode":0,"name":"Shaded","section":"Shading Mode"},"sceneLighting":false,"audioPlay":false,"sceneViewState":{"showFog":true,"showMaterialUpdate":false,"showSkybox":false,"showFlares":true,"showImageEffects":true,"showParticleSystems":true},"in2DMode":false,"pivot":{"x":7.900016784667969,"y":2.3908133506774904,"z":2.359675884246826},"rotation":{"x":0.009850211441516877,"y":0.9521384239196777,"z":-0.3039461374282837,"w":0.030858585610985757},"size":0.6571910977363586,"orthographic":false}