{"cameraMode":{"drawMode":0,"name":"Shaded","section":"Shading Mode"},"sceneLighting":false,"audioPlay":false,"sceneViewState":{"showFog":true,"showMaterialUpdate":false,"showSkybox":false,"showFlares":true,"showImageEffects":true,"showParticleSystems":true},"in2DMode":false,"pivot":{"x":20.231258392333986,"y":5.205923080444336,"z":41.422943115234378},"rotation":{"x":-0.5221296548843384,"y":-0.3812944293022156,"z":0.2806466221809387,"w":-0.7093889713287354},"size":84.87689208984375,"orthographic":false}