{"cameraMode":{"drawMode":0,"name":"Shaded","section":"Shading Mode"},"sceneLighting":true,"audioPlay":false,"sceneViewState":{"showFog":true,"showMaterialUpdate":false,"showSkybox":true,"showFlares":true,"showImageEffects":true,"showParticleSystems":true},"in2DMode":false,"pivot":{"x":-25.06705093383789,"y":-3.5228512287139894,"z":24.637615203857423},"rotation":{"x":0.0195673406124115,"y":0.8875694274902344,"z":-0.45869824290275576,"w":0.037861377000808719},"size":8.962539672851563,"orthographic":false}